{
  "NTProvider": {
    "types": {
      "/FMSInfo": "FMSInfo",
      "/SmartDashboard/Field": "Field2d"
    },
    "windows": {
      "/SmartDashboard/Field": {
        "bottom": 1476,
        "height": 8.210550308227539,
        "left": 150,
        "right": 2961,
        "top": 79,
        "width": 16.541748046875,
        "window": {
          "visible": true
        }
      }
    }
  },
  "NetworkTables": {
    "transitory": {
      "SmartDashboard": {
        "open": true
      }
    }
  },
  "NetworkTables Info": {
    "visible": true
  },
  "Plot": {
    "Plot <0>": {
      "plots": [
        {
          "backgroundColor": [
            0.0,
            0.0,
            0.0,
            0.8500000238418579
          ],
          "height": 326,
          "series": [
            {
              "color": [
                0.2980392277240753,
                0.44705885648727417,
                0.6901960968971252,
                1.0
              ],
              "id": "NT:/SmartDashboard/current position"
            },
            {
              "color": [
                0.8666667342185974,
                0.5176470875740051,
                0.32156863808631897,
                1.0
              ],
              "id": "NT:/SmartDashboard/target distance"
            }
          ]
        }
      ]
    }
  }
}
